hotel_name,location,price,rating,score,total_review,
The Chapter Hotels - Camden Town,"Camden, London",921,Good,7.7,171 reviews,https://www.booking.com/hotel/gb/camden-town-greater-london.en-gb.html?label=gen173nr-10CAEoggI46AdIM1gEaFCIAQGYATO4AQfIAQzYAQPoAQH4AQGIAgGoAgG4AsGL2MUGwAIB0gIkNjc3ZWNjYjEtYThkMC00Y2U4LWI0MzEtODVkZTU3NjNmMDMw2AIB4AIB&sid=03394d22d25960cc39400be0228d413e&aid=304142&ucfs=1&arphpl=1&checkin=2025-10-28&checkout=2025-11-06&dest_id=-2601889&dest_type=city&group_adults=2&req_adults=2&no_rooms=1&group_children=0&req_children=0&hpos=1&hapos=1&sr_order=popularity&srpvid=33465fa4581b0681&srepoch=1756820170&all_sr_blocks=1426955701_414436744_2_0_0&highlighted_blocks=1426955701_414436744_2_0_0&matching_block_id=1426955701_414436744_2_0_0&sr_pri_blocks=1426955701_414436744_2_0_0__92100&from=searchresults
"Chelsea Green Hotel, Sonder by Marriott Bonvoy","Kensington and Chelsea, London","1,873",Good,7.7,"2,637 reviews",https://www.booking.com/hotel/gb/myhotelchelsea.en-gb.html?label=gen173nr-10CAEoggI46AdIM1gEaFCIAQGYATO4AQfIAQzYAQPoAQH4AQGIAgGoAgG4AsGL2MUGwAIB0gIkNjc3ZWNjYjEtYThkMC00Y2U4LWI0MzEtODVkZTU3NjNmMDMw2AIB4AIB&sid=03394d22d25960cc39400be0228d413e&aid=304142&ucfs=1&arphpl=1&checkin=2025-10-28&checkout=2025-11-06&dest_id=-2601889&dest_type=city&group_adults=2&req_adults=2&no_rooms=1&group_children=0&req_children=0&hpos=2&hapos=2&sr_order=popularity&srpvid=33465fa4581b0681&srepoch=1756820170&all_sr_blocks=3028441_95154615_0_0_0&highlighted_blocks=3028441_95154615_0_0_0&matching_block_id=3028441_95154615_0_0_0&sr_pri_blocks=3028441_95154615_0_0_0__187340&nad_id=6ba652d1-d0b3-4ae1-9e5f-70e52c28f633_4&nad_cpc=0.5&nad_track=eyJhdWN0aW9uRXBvY2giOjE3NTY4MjAxNjk5ODAsInJhbmsiOjEsImtvZGRpVHJhY2tpbmdJbmZvIjoicEhZaks5Y0tnK2VBd3l6MnhYcTVDa2I0ZU9iWGErKzJmWG5jT0Z3YzBLQXlqcnRqRWRpRFdXRDZNVTUzSWY1SmZkRHl5dWJZUnMzVWxkZXltRWltKzRCYVhkOTQwSzA2akROT3lVbzRCenFOdCtveVExcGw0ejBEaG9sNHliTlhyQmE5VXNSZ2RCbGo3amxlYjdkL2tWa0JjcFlqM1d1MUpYSWpwY0ExVkxjQldiUDNmQ2trYzZJdVZxQjZxdkhxRFQ0L2xsMmhNRWVNV2RBWlJjeFpoMHBYNHhoR3h4aDdFb0pyN0dQVmRjcFBMa2JmTkdVdXdYc3lIUzZsVmJMa3VJbnhhY2syeUpTWDVLRkhmMVB6OVJ0NVVOZjBWN0VMU2pkY3Nrc2xHT3dqUDZlVHc3eHVESkJTdGRNNUdpVjB4czBCN0hGWVBvTENJL01VNEY4YUNYUkNNTldIWkdtUTF6TVdaaWptVk9zWWdFOGVScCtQenlCY0FrbUhvVEhwdnQ2TFZFRFQ0SzBPQnUyc1RhZk9KL2hld2hKaEdLN3dyMTZXNkZNSzJzMUNYWXVjVmNneGcycldUNXpydkVXcnNqbXZFZDZnVVpQKytBM3RUbS9kdVk4YVQxK3BGMXZDN1ZHeTVvbkJ1RXZoVFZzVko0TzJteTlMMHFjaUJrMTRESjNKeVd4YUp0MHhSS3JGUzc3Ujh3SXlnNTYyTWdHcS8rZTdGbGRjYTdmR3RYR1FqTG9iUFowZmwybHJIUzFhQ3AwWmpTbzc3a0k5cWF5WU16L0ZuMythZ3lJTEJjK0FZVVNya0tRcE1LSVhqcFdDQVlvVzlQc21LZXlyUTA2K2FrU1BEUWlvYk1USks1WVppMElEaUF3MnAvTVZkOFpHalplckpCbDhlVUNIQXp6bFlkNWxWVllmMTBESkFpV3ErYnFYcmhZMTJVdGJSU05RM0xhdklPUGUxNWtkOXRIaTNoOXVqeUFoY3RBSm8rcURFYy9ZZElCUjErakE5eTZub1NGeHpJOGczd1RLdjkxbWRTN0U3KzJPKzFUcGdlczBlWFFGWlkwNmsram5jNWhOamttKzRjSjFhTE80R0YvYlEzQWg0RzZBYTVzL1hVT0oxM014NEdXRm9QWXVvUE1kTEVRczVITmdmVFFWMXR4OFZNZkJiYUNKeHZuSVpnSGxuSDlEb1ZLS0JqcTZkcVFBeksrTktpeERmQmphZEw3RTRqa0JNcGFKMmRFUFkzbUEwOHgrTzB1aEllelZwZWhJRit2T2JhdHhoS3JlSjZUcGdYanNmRWx4RUJUaEl6cmVaVXE0UXVkVHA2SGNFbFBzckxIVjFuQ25jQWNmYmE3M1hraEpFTTdNOUU5WTFvc3VVbE5LNGdlSTlMSHd4dVpFbzFFQUM5M3hOSkRNc29Sb0UvME5tVEZadlZmdHlCamRHTGd5TEdPZFB5YkZTM2tSQlJ6cGhadWYvS1VMeHBlU0drcjE1T2FIVnlZWWhzQmQyR3NCT29jaWhCbk1HUkZ3NnV4aXp1ZWxIREV4MUpXOWJuZmN0VUM2b0VkaExtUVJzcnFqRUhiazRXZ244L2VZamxuNlY2a0tXUzA3YXFTbVhhLy9RYlhJbWF1OTFoektEQVVNQ205bjRCSk4xL05qMlZiWUN0RnBMb3U5UjQrejQrWm1rMkwwZVNBOGFhOUpJQVFBd1N3TFhEYU5CeXdNeDJSenh1Zy9lemFzMGsyVWxpNndiZnZvOWZ4VTAxVXhQL3UyTE5oMHUza1VxdEJNaGJCaVc0QUFMTlBvdStnMnlid0J4Nys0WFJqazhXbWU4cjBCeXRmdCthbnNWdFVIYWtKZUJhaExJUmhIak9MOERjSGlxL1hyTCtkWVA3YzZjM1ovemJzSllGVGh1N1k2Q0xWaUlCMGNmSmNPUDRPNVorRXpnWThJRVhlQ2lJVTNYeEhOUlN1V21JWkVBdmxMOTRpUjNMV0VvajBpeExHRmg5RmcvSUQrMFlDbXJ5ZUFIVjVWRTl3azREa1l4dGlJYk9QNHFSQlRJNHgzVFFxMnhPbW9qdkpKUkx5RlZuYms5ODZkd05WNVlVYjFySHpPTUxEdTQzYUljSmRkcE42aHBhRnJQRHNQMmhiZ3JHSzJpck5RUThHZHI5eUZLYnlvTXVFbGJsM0NrelQ1ZVNteE02dzRabUpXUFdPZzYzNTBnemhUYjJuS0kzaGlhMFNKdU1qYTVBajM0Mk5kY2FjbmlKci9qSHArUndKbE04cW5zZEtYOFRkRkZDWG9uZzBLN3BQc2RZVkxubFVDUjFmWlFuY054UU1hTS9HU1RFM01abVpmYXhvUTA4SWdXZDRRYmFKQmowbTlQdWRtdHdnN2xEcGZwakV6WUNlRGtGcWcybmFoVngrN09ld0ViM1NWT1lZaWJkRWNwUDlmMjFQUUtDdHRIQlR4WUlpWTlKL3Q3ejdza0RaYm5tQjVLeWpZaURNYVBaKytVbFZRNzJZdGtKQ2p6ZnVNRysrMEw1YnU2THZ0YmxRcHZER2RLbUN2Z0cvZURVSGtFTEFId0xNK0tDNTRuK2xYZElqMUh4aXZNTmpCK1pZcXliNHZXcWZrT09wL1AyVjlkbHhxWW5CWjFPMmg5dUN3cUF5UVBCM09jRDUvSFFuQXFMY2pnSXIvQVJpRGprVGpyZVk4UExJcEtVUnA2MHB0QktWaTFLZDFxckVUdjBVLzduWVE2enBwMjJqZ2JzdTY1bkU0M0d2RDNXNGpOZDJrVDRXNVlqZmx5OWpqTFk3YlBNbTFtbWpJTWJpZjhhS0RCSEhMK014cFRDSURzUGVrdnVpT2FzUFdUYkRlS0pHbEZ1Q2FWQWFCRnE0VEFLeGVHOFRvVFB6ZEdwSVVoei9HbTBjQzM2S3FCSGd1VzZOVmxOVloyWjQvbnhWLzR5TGdoc21PN3pZWVVsWTRwUVhVdEtja25iOWFCcFlXbXlEeFMzWWpkMjhoQ0l6SEIrSllkQUhqcGZHSFR2VzJwZk56dDQzaUkxY2hNSnBCelNZbGxrWmhjQ3o0Wm1CbVFrNGFiOGlsa2xwWWpnR0J6emxPK0g5NkRFanN0cVN3T3E4VytKdGZ5M0lERTkrUEI1cDI3Y3F1SG53R2ZQSUt2eGROeG1TNE13eStyMmtJZHl4clFxdkp3ZWRnMTVrYlhKaWhnMUltaDlLamZKVFp5M3JzdmpMOXFuWHNna3Ruemk1NUdYRXdRNHphQTlBYU1zQ1ZPYmN3YVh6akJuNlZWTFlycVlMQ2ZZMld3VGZPc1I5SUVIVDJkOENsUnU2dE9EVXhlcTlqSmN1NXZMZVlhNDZObjlXQ0Q3Ykx6VkI5T1BmRW16aGdUS0NRT05JV1MwSkQ2M2dFRkFBd3g3NG9nN1VRVXdrU0hOMFhMZHJpYnZ1N1VVcGJPUG5HamZZS3Z0NVAvMStrWHhhMlhoclV2R0E0c3JjZXp1UUZDWStKZ2tQVnMybTVHTk4zeE53K0tsSXMzSEJXIn0%3D&from=searchresults
Hilton London Olympia,"Kensington and Chelsea, London","1,068",Good,7.3,"3,830 reviews",https://www.booking.com/hotel/gb/londonolympia.en-gb.html?label=gen173nr-10CAEoggI46AdIM1gEaFCIAQGYATO4AQfIAQzYAQPoAQH4AQGIAgGoAgG4AsGL2MUGwAIB0gIkNjc3ZWNjYjEtYThkMC00Y2U4LWI0MzEtODVkZTU3NjNmMDMw2AIB4AIB&sid=03394d22d25960cc39400be0228d413e&aid=304142&ucfs=1&arphpl=1&checkin=2025-10-28&checkout=2025-11-06&dest_id=-2601889&dest_type=city&group_adults=2&req_adults=2&no_rooms=1&group_children=0&req_children=0&hpos=3&hapos=3&sr_order=popularity&srpvid=33465fa4581b0681&srepoch=1756820170&all_sr_blocks=3489705_420149392_2_42_0&highlighted_blocks=3489705_420149392_2_42_0&matching_block_id=3489705_420149392_2_42_0&sr_pri_blocks=3489705_420149392_2_42_0__106803&from_sustainable_property_sr=1&from=searchresults
"Great Scotland Yard Hotel, part of Hyatt","Westminster Borough, London","3,266",Fabulous,8.7,631 reviews,https://www.booking.com/hotel/gb/great-scotland-yard.en-gb.html?label=gen173nr-10CAEoggI46AdIM1gEaFCIAQGYATO4AQfIAQzYAQPoAQH4AQGIAgGoAgG4AsGL2MUGwAIB0gIkNjc3ZWNjYjEtYThkMC00Y2U4LWI0MzEtODVkZTU3NjNmMDMw2AIB4AIB&sid=03394d22d25960cc39400be0228d413e&aid=304142&ucfs=1&arphpl=1&checkin=2025-10-28&checkout=2025-11-06&dest_id=-2601889&dest_type=city&group_adults=2&req_adults=2&no_rooms=1&group_children=0&req_children=0&hpos=4&hapos=4&sr_order=popularity&srpvid=33465fa4581b0681&srepoch=1756820170&all_sr_blocks=540376701_309264283_2_2_0&highlighted_blocks=540376701_309264283_2_2_0&matching_block_id=540376701_309264283_2_2_0&sr_pri_blocks=540376701_309264283_2_2_0__326600&nad_id=6ba652d1-d0b3-4ae1-9e5f-70e52c28f633_0&nad_cpc=0.9&nad_track=eyJhdWN0aW9uRXBvY2giOjE3NTY4MjAxNjk5ODEsInJhbmsiOjIsImtvZGRpVHJhY2tpbmdJbmZvIjoicEhZaks5Y0tnK2VBd3l6MnhYcTVDa2I0ZU9iWGErKzJmWG5jT0Z3YzBLQXlqcnRqRWRpRFdXRDZNVTUzSWY1SmZkRHl5dWJZUnMzVWxkZXltRWltKzRCYVhkOTQwSzA2akROT3lVbzRCenFOdCtveVExcGw0ejBEaG9sNHliTlhyQmE5VXNSZ2RCbGo3amxlYjdkL2tWa0JjcFlqM1d1MUpYSWpwY0ExVkxjQldiUDNmQ2trYzZJdVZxQjZxdkhxRFQ0L2xsMmhNRWVNV2RBWlJjeFpoMHBYNHhoR3h4aDdFb0pyN0dQVmRjcFBMa2JmTkdVdXdYbytHUytuVWJMa3VJbnhhY2syeUpTWDVLRkhmMVB6OVJ0NVVOZjBWN0VMU2pkYnUwZ3FFdXcyTWVlRTByOXNIWTljcVlnaEFqRjd4OHdGNm1sRE5vRExMUE1FOVY5WFQyZERNOFdUWW5pS3gzaElaaUR6QSswZmdrc2JEYzJUbXloQkR3Q0xvU1MwOElPTkhVREc1S05hQkxxdFNxS2ZkTzRSd2wwekdQeXB2VXFSOEVvRWw5UlJTb3VIV01rWHIydk9YSXZxcGtPcWpncTZBSm00V283d3VRZndRelRGb1k4VVFRNnVBazdUcWttcTVvZlArVWY3VmtFVExOaXVneTlGM1BVbkVVTjlGb2JFM2sxcUtzQW1BN0xPVnJDUjVCUTZqWStMSDBleTZQdW1HQlJaWjdEZHBIaUlsNkVPTUlFZGpHTnRXalZRRklRYWpTbzc3a0k5cWF5WU16L0ZuMythZ3lJTEJjK0FZVVNya0tRdE1LSVhqcFdDQVlvVzlQc21LZXlyVDA2K2FrU1BEUWlvYk1USks1WVppMElEaUF3MnAvTVZkOFpHalplckpCbDhlVUNIQXp6bFlkNWxWVllmMTBESkFpV3ErYnFYcmhZMTJVdGJSU05RM0xhdklPUGUxNWtkOXRIaTNoOXVqeUFoY3RBSm8rcURFYy9ZZElCUjErakE5eTZub1NGeHpJOGczd1RLdjkxbWRTN0U3KzJPKzFUcGdlczBlWFFGWlkwNmsram5jNWhOamttKzRjSjFhTE80R0YvYlEzQWg0RzZBYTVzL1hVT0oxM014NEdXRm9QWXVvUE1kTEVRczVITnNmVFFWMXR4OFZNZkJiYUNKeHZuSVpnSGxuSDlEb1ZLS0JqcTZkcVFBeksrTktpeERmQmphZEw3RTRqa0JNcGFKMmRFUFkzbUEwOHgrTzB1aEllelZwZWhJRit2T2JhdHhoS3JlSjZUcGdYanNmRWx4RUJUaEl6cmVaVXE0UXVkVHA2SGNFbFBzckxIVjFuQ25jQWNmYmE3M1hraEpFTTdNOUU5WTFvc3VVbE5LNGdlSTlMSHd4dVpFbzFFQUM5M3hOSkRNc29Sb0UvME5tVEZadlZmdHlCamRHTGd5TEdPZFB5YkZTM2tSQlJ6cGhadWYvS1VMeHBlU0drcjE1T2FIVnlZWWhzQmQyR3NCUG9jaWhCbk1HUkZ3NnV4aXp1ZWxIREV4MUpXOWJuZmN0VUM2b0J0bktXMUd0dWoyRUhEbHVXWW44NkNYalZuN1ZhMEpXWDFzTS9EekI2aXVGT1hJbkt1OTFoektEQVVNQ205bjRCSk4xL05qMlZiZUN0NXNMb3U5UjQrejQrWm1rMkwwZVNBOGFhOUpJQVFBd1N3TFhEYU5CeXdNeDJSenh1Zy9lemFzMGsyVWxpNndiZnZvOWZ4VTAxVXhQL3UyTE5SMXVIb1ZxOUZQaGJCaVc0QUFMTlBvdStnMnlid0J4Nys0WFJqazhXbWU4cjBCeXRmdCthbnNWdFVIYWtKZUJhaExJUmhIak9MOERjSGlxL1hyTCtkWVA3YzZjM1ovemJzSllGVGh1N1k2Q0xWaUlCMGNmSmNPUDRPNVorRXpnWThJRVhlQ2lJVTNYeEhOUlN1V21JWkVBdmxMOTRpUjNMV0VvajR2d3JHRmg5RmcvSUQrMFlDbXJ5ZUFIVjVWRTl3azREa1l4dGlJYk9QNHFSQlRJNHgzVFFxMnhPbW9qdkpKUkx5RlZuYms5ODZkd05WNVlVYjFySHpPTUxEdTQzYUljSmRkcE42aHBhRnJQRHNQMmhiZ3JHSzJpck5RUThHZHI5eUZLYnlvTXVFbGJsM0NrelQ1ZVNteE02dzRabUpXUFdPZzYzNTBnemhUYjJuS0kzaGlhMFNKdU1qYTVBajM0Mk5kY2FjbmlKci9qSHArUndKbE04cW5zZEtYOFRkRkZDWG9uZzBLN3BQc2RZVkxubFVDUjFmWlFuY054UU1hTS9HU1RFM01abVpmYXhvUTA4SWdXZDRRYmFKQmowbTlQdWRtdHdnN2xEcGZwakV6WUNlRGtGcWcybmFoVngrN09ld0ViM1NWT1lZaWJkRWNwUDlmMjFQUUtDdHRIQlR4WUlpWTlKL3Q3ejdza0RaYm5tQjVLeWpZaURNYVBaKytVbFZRNzJZdGtKQ2p6ZnVNRysrMEw1YnU2THZ0YmxRcHZER2RLbUN2Z0cvZURVSGtFTEFId0xNK0tDNTRuK2xYZElqMUh4aXZNTmpCK1pZcXliNHZXcWZrT09wL1AyVjlkbHhxWW5CWjFPMmg5dUN3cUF5UVBCM09jRDUvSFFuQXFMY2pnSXIvQVJpRGprVGpyZVk4UExJcEtVUnA2MHB0QktWaTFLZDFxckVUdjBVLzduWVE2enBwMjJqZ2JzdTY1bkU0M0d2RDNXNGpOZDJrVDRXNVlqZmx5OWpqTFk3YlBNbTFtbWpJTWJpZjhhS0RCSEhMK014cFRDSURzUGVrdnVpT2FzUFdUYkRlS0pHbEZ1Q2FWQWFCRnE0VEFLeGVHOFRvVFB6ZEdwSVVoei9HbTBjQzM2S3FCSGd1VzZOVmxOVloyWjQvbnhWLzR5TGdoc21PN3pZWVVsWTRwUVhVdEtja25iOWFCcFlXbXlEeFMzWWpkMjhoQ0l6SEIrSllkQUhqcGZHSFR2VzJwZk56dDQzaUkxY2hNSnBCelNZbGxrWmhjQ3o0Wm1CbVFrNGFiOGlsa2xwWWpnR0J6emxPK0g5NkRFanN0cVN3T3E4VytKdGZ5M0lERTkrUEI1cDI3Y3F1SG53R2ZQSUt2eGROeG1TNE13eStyMmtJZHl4clFxdkp3ZWRnMTVrYlhKaWhnMUltaDlLamZKVFp5M3JzdmpMOXFuWHNna3Ruemk1NUdYRXdRNHphQTlBYU1zQ1ZPYmN3YVh6akJuNlRVTFFncXBiWmZkWFY2aVhsc0FwT0ZHZnFNb09sRHJ5OFpUQnpmN1Z6TmR6KzlMZkJPcDZNcGMrOEZML254M3A4SnZIYjNIWjFSN3VEWm9RR1huOUEzWDRKRlJZSzJJNGhpYjFYQlFsYVNzMENFTmJSWU9HcWVFaGxPK3pxbk5FZnFzRlI5US90WDBqeFFCck91SGc2cFlzVTh2Z1VBOS9Xa0FTUEpEN2J3OHhMM3FrL0ZFL3ZEb2lXaUVJPSJ9&from=searchresults
Hilton London Kensington Hotel,"Kensington and Chelsea, London","1,445",Good,7.1,"4,570 reviews",https://www.booking.com/hotel/gb/hilton-london-kensington.en-gb.html?label=gen173nr-10CAEoggI46AdIM1gEaFCIAQGYATO4AQfIAQzYAQPoAQH4AQGIAgGoAgG4AsGL2MUGwAIB0gIkNjc3ZWNjYjEtYThkMC00Y2U4LWI0MzEtODVkZTU3NjNmMDMw2AIB4AIB&sid=03394d22d25960cc39400be0228d413e&aid=304142&ucfs=1&arphpl=1&checkin=2025-10-28&checkout=2025-11-06&dest_id=-2601889&dest_type=city&group_adults=2&req_adults=2&no_rooms=1&group_children=0&req_children=0&hpos=5&hapos=5&sr_order=popularity&srpvid=33465fa4581b0681&srepoch=1756820170&all_sr_blocks=3653607_357658061_2_42_0&highlighted_blocks=3653607_357658061_2_42_0&matching_block_id=3653607_357658061_2_42_0&sr_pri_blocks=3653607_357658061_2_42_0__144504&from_sustainable_property_sr=1&from=searchresults
MSM Arena Hotel,"Brent, London",729,Good,7.1,440 reviews,https://www.booking.com/hotel/gb/msm-arena.en-gb.html?label=gen173nr-10CAEoggI46AdIM1gEaFCIAQGYATO4AQfIAQzYAQPoAQH4AQGIAgGoAgG4AsGL2MUGwAIB0gIkNjc3ZWNjYjEtYThkMC00Y2U4LWI0MzEtODVkZTU3NjNmMDMw2AIB4AIB&sid=03394d22d25960cc39400be0228d413e&aid=304142&ucfs=1&arphpl=1&checkin=2025-10-28&checkout=2025-11-06&dest_id=-2601889&dest_type=city&group_adults=2&req_adults=2&no_rooms=1&group_children=0&req_children=0&hpos=6&hapos=6&sr_order=popularity&srpvid=33465fa4581b0681&srepoch=1756820170&all_sr_blocks=1244069204_401985582_2_0_0_756225&highlighted_blocks=1244069204_401985582_2_0_0_756225&matching_block_id=1244069204_401985582_2_0_0_756225&sr_pri_blocks=1244069204_401985582_2_0_0_756225_72929&from=searchresults
Earls Court Residences,"Kensington and Chelsea, London",919,Good,7.7,28 reviews,https://www.booking.com/hotel/gb/earls-court-residences.en-gb.html?label=gen173nr-10CAEoggI46AdIM1gEaFCIAQGYATO4AQfIAQzYAQPoAQH4AQGIAgGoAgG4AsGL2MUGwAIB0gIkNjc3ZWNjYjEtYThkMC00Y2U4LWI0MzEtODVkZTU3NjNmMDMw2AIB4AIB&sid=03394d22d25960cc39400be0228d413e&aid=304142&ucfs=1&arphpl=1&checkin=2025-10-28&checkout=2025-11-06&dest_id=-2601889&dest_type=city&group_adults=2&req_adults=2&no_rooms=1&group_children=0&req_children=0&hpos=7&hapos=7&sr_order=popularity&srpvid=33465fa4581b0681&srepoch=1756820170&all_sr_blocks=1383381401_410407080_0_0_0&highlighted_blocks=1383381401_410407080_0_0_0&matching_block_id=1383381401_410407080_0_0_0&sr_pri_blocks=1383381401_410407080_0_0_0__91908&from=searchresults
Holiday Inn Express London - Wandsworth by IHG,"Wandsworth, London","1,239",Good,7.8,"4,407 reviews",https://www.booking.com/hotel/gb/holiday-inn-express-wandsworth.en-gb.html?label=gen173nr-10CAEoggI46AdIM1gEaFCIAQGYATO4AQfIAQzYAQPoAQH4AQGIAgGoAgG4AsGL2MUGwAIB0gIkNjc3ZWNjYjEtYThkMC00Y2U4LWI0MzEtODVkZTU3NjNmMDMw2AIB4AIB&sid=03394d22d25960cc39400be0228d413e&aid=304142&ucfs=1&arphpl=1&checkin=2025-10-28&checkout=2025-11-06&dest_id=-2601889&dest_type=city&group_adults=2&req_adults=2&no_rooms=1&group_children=0&req_children=0&hpos=8&hapos=8&sr_order=popularity&srpvid=33465fa4581b0681&srepoch=1756820170&all_sr_blocks=8378_246113918_2_1_0&highlighted_blocks=8378_246113918_2_1_0&matching_block_id=8378_246113918_2_1_0&sr_pri_blocks=8378_246113918_2_1_0__123900&from_sustainable_property_sr=1&from=searchresults
Moxy London Stratford,"Newham, London","1,275",Very good,8.4,"4,511 reviews",https://www.booking.com/hotel/gb/moxy-london-stratford.en-gb.html?label=gen173nr-10CAEoggI46AdIM1gEaFCIAQGYATO4AQfIAQzYAQPoAQH4AQGIAgGoAgG4AsGL2MUGwAIB0gIkNjc3ZWNjYjEtYThkMC00Y2U4LWI0MzEtODVkZTU3NjNmMDMw2AIB4AIB&sid=03394d22d25960cc39400be0228d413e&aid=304142&ucfs=1&arphpl=1&checkin=2025-10-28&checkout=2025-11-06&dest_id=-2601889&dest_type=city&group_adults=2&req_adults=2&no_rooms=1&group_children=0&req_children=0&hpos=9&hapos=9&sr_order=popularity&srpvid=33465fa4581b0681&srepoch=1756820170&all_sr_blocks=259841101_274565003_0_2_0_749408&highlighted_blocks=259841101_274565003_0_2_0_749408&matching_block_id=259841101_274565003_0_2_0_749408&sr_pri_blocks=259841101_274565003_0_2_0_749408_127500&from_sustainable_property_sr=1&from=searchresults
Bob W London Olympia,"Kensington and Chelsea, London",835,Good,7.8,314 reviews,https://www.booking.com/hotel/gb/bob-w-olympia.en-gb.html?label=gen173nr-10CAEoggI46AdIM1gEaFCIAQGYATO4AQfIAQzYAQPoAQH4AQGIAgGoAgG4AsGL2MUGwAIB0gIkNjc3ZWNjYjEtYThkMC00Y2U4LWI0MzEtODVkZTU3NjNmMDMw2AIB4AIB&sid=03394d22d25960cc39400be0228d413e&aid=304142&ucfs=1&arphpl=1&checkin=2025-10-28&checkout=2025-11-06&dest_id=-2601889&dest_type=city&group_adults=2&req_adults=2&no_rooms=1&group_children=0&req_children=0&hpos=10&hapos=10&sr_order=popularity&srpvid=33465fa4581b0681&srepoch=1756820170&all_sr_blocks=1280502202_400967197_0_2_0&highlighted_blocks=1280502202_400967197_0_2_0&matching_block_id=1280502202_400967197_0_2_0&sr_pri_blocks=1280502202_400967197_0_2_0__83547&from=searchresults
Hyde Park International,"Westminster Borough, London","1,498",Very good,8.1,"3,679 reviews",https://www.booking.com/hotel/gb/shaftesbury-hyde-park-international.en-gb.html?label=gen173nr-10CAEoggI46AdIM1gEaFCIAQGYATO4AQfIAQzYAQPoAQH4AQGIAgGoAgG4AsGL2MUGwAIB0gIkNjc3ZWNjYjEtYThkMC00Y2U4LWI0MzEtODVkZTU3NjNmMDMw2AIB4AIB&sid=03394d22d25960cc39400be0228d413e&aid=304142&ucfs=1&arphpl=1&checkin=2025-10-28&checkout=2025-11-06&dest_id=-2601889&dest_type=city&group_adults=2&req_adults=2&no_rooms=1&group_children=0&req_children=0&hpos=11&hapos=11&sr_order=popularity&srpvid=33465fa4581b0681&srepoch=1756820170&all_sr_blocks=3772204_0_2_0_0&highlighted_blocks=3772204_0_2_0_0&matching_block_id=3772204_0_2_0_0&sr_pri_blocks=3772204_0_2_0_0__149752&from=searchresults
Bob W London Holland Park,"Kensington and Chelsea, London","1,081",Good,7.9,434 reviews,https://www.booking.com/hotel/gb/bob-w-holland-park.en-gb.html?label=gen173nr-10CAEoggI46AdIM1gEaFCIAQGYATO4AQfIAQzYAQPoAQH4AQGIAgGoAgG4AsGL2MUGwAIB0gIkNjc3ZWNjYjEtYThkMC00Y2U4LWI0MzEtODVkZTU3NjNmMDMw2AIB4AIB&sid=03394d22d25960cc39400be0228d413e&aid=304142&ucfs=1&arphpl=1&checkin=2025-10-28&checkout=2025-11-06&dest_id=-2601889&dest_type=city&group_adults=2&req_adults=2&no_rooms=1&group_children=0&req_children=0&hpos=12&hapos=12&sr_order=popularity&srpvid=33465fa4581b0681&srepoch=1756820170&all_sr_blocks=1301451003_403036500_2_0_0&highlighted_blocks=1301451003_403036500_2_0_0&matching_block_id=1301451003_403036500_2_0_0&sr_pri_blocks=1301451003_403036500_2_0_0__108076&from=searchresults
Mercure London Earls Court,"Hammersmith and Fulham, London","1,219",Fabulous,8.6,"1,131 reviews",https://www.booking.com/hotel/gb/mercure-london-earls-court.en-gb.html?label=gen173nr-10CAEoggI46AdIM1gEaFCIAQGYATO4AQfIAQzYAQPoAQH4AQGIAgGoAgG4AsGL2MUGwAIB0gIkNjc3ZWNjYjEtYThkMC00Y2U4LWI0MzEtODVkZTU3NjNmMDMw2AIB4AIB&sid=03394d22d25960cc39400be0228d413e&aid=304142&ucfs=1&arphpl=1&checkin=2025-10-28&checkout=2025-11-06&dest_id=-2601889&dest_type=city&group_adults=2&req_adults=2&no_rooms=1&group_children=0&req_children=0&hpos=13&hapos=13&sr_order=popularity&srpvid=33465fa4581b0681&srepoch=1756820170&all_sr_blocks=1157790201_388546022_2_2_0&highlighted_blocks=1157790201_388546022_2_2_0&matching_block_id=1157790201_388546022_2_2_0&sr_pri_blocks=1157790201_388546022_2_2_0__121900&from_sustainable_property_sr=1&from=searchresults
Haven Hotel,"Westminster Borough, London",799,Good,7.2,"3,778 reviews",https://www.booking.com/hotel/gb/haven.en-gb.html?label=gen173nr-10CAEoggI46AdIM1gEaFCIAQGYATO4AQfIAQzYAQPoAQH4AQGIAgGoAgG4AsGL2MUGwAIB0gIkNjc3ZWNjYjEtYThkMC00Y2U4LWI0MzEtODVkZTU3NjNmMDMw2AIB4AIB&sid=03394d22d25960cc39400be0228d413e&aid=304142&ucfs=1&arphpl=1&checkin=2025-10-28&checkout=2025-11-06&dest_id=-2601889&dest_type=city&group_adults=2&req_adults=2&no_rooms=1&group_children=0&req_children=0&hpos=14&hapos=14&sr_order=popularity&srpvid=33465fa4581b0681&srepoch=1756820170&all_sr_blocks=32864002_413852839_2_0_0&highlighted_blocks=32864002_413852839_2_0_0&matching_block_id=32864002_413852839_2_0_0&sr_pri_blocks=32864002_413852839_2_0_0__79900&from=searchresults
Holiday Inn Express London Chingford by IHG,"Walthamstow, London","1,071",Good,7.6,"2,882 reviews",https://www.booking.com/hotel/gb/expresslondonchingford.en-gb.html?label=gen173nr-10CAEoggI46AdIM1gEaFCIAQGYATO4AQfIAQzYAQPoAQH4AQGIAgGoAgG4AsGL2MUGwAIB0gIkNjc3ZWNjYjEtYThkMC00Y2U4LWI0MzEtODVkZTU3NjNmMDMw2AIB4AIB&sid=03394d22d25960cc39400be0228d413e&aid=304142&ucfs=1&arphpl=1&checkin=2025-10-28&checkout=2025-11-06&dest_id=-2601889&dest_type=city&group_adults=2&req_adults=2&no_rooms=1&group_children=0&req_children=0&hpos=15&hapos=15&sr_order=popularity&srpvid=33465fa4581b0681&srepoch=1756820170&all_sr_blocks=20076805_246110233_2_1_0&highlighted_blocks=20076805_246110233_2_1_0&matching_block_id=20076805_246110233_2_1_0&sr_pri_blocks=20076805_246110233_2_1_0__107100&from_sustainable_property_sr=1&from=searchresults
Apex Temple Court Hotel,"City of London, London","2,383",Superb,9.1,"4,081 reviews",https://www.booking.com/hotel/gb/apex-temple-court.en-gb.html?label=gen173nr-10CAEoggI46AdIM1gEaFCIAQGYATO4AQfIAQzYAQPoAQH4AQGIAgGoAgG4AsGL2MUGwAIB0gIkNjc3ZWNjYjEtYThkMC00Y2U4LWI0MzEtODVkZTU3NjNmMDMw2AIB4AIB&sid=03394d22d25960cc39400be0228d413e&aid=304142&ucfs=1&arphpl=1&checkin=2025-10-28&checkout=2025-11-06&dest_id=-2601889&dest_type=city&group_adults=2&req_adults=2&no_rooms=1&group_children=0&req_children=0&hpos=16&hapos=16&sr_order=popularity&srpvid=33465fa4581b0681&srepoch=1756820170&all_sr_blocks=35648401_0_2_0_0&highlighted_blocks=35648401_0_2_0_0&matching_block_id=35648401_0_2_0_0&sr_pri_blocks=35648401_0_2_0_0__238299&from_sustainable_property_sr=1&from=searchresults
DoubleTree by Hilton London â€“ Docklands Riverside,"Southwark, London","1,345",Very good,8,"6,507 reviews",https://www.booking.com/hotel/gb/hilton-london-docklands.en-gb.html?label=gen173nr-10CAEoggI46AdIM1gEaFCIAQGYATO4AQfIAQzYAQPoAQH4AQGIAgGoAgG4AsGL2MUGwAIB0gIkNjc3ZWNjYjEtYThkMC00Y2U4LWI0MzEtODVkZTU3NjNmMDMw2AIB4AIB&sid=03394d22d25960cc39400be0228d413e&aid=304142&ucfs=1&arphpl=1&checkin=2025-10-28&checkout=2025-11-06&dest_id=-2601889&dest_type=city&group_adults=2&req_adults=2&no_rooms=1&group_children=0&req_children=0&hpos=17&hapos=17&sr_order=popularity&srpvid=33465fa4581b0681&srepoch=1756820170&all_sr_blocks=3396631_420149396_2_34_0&highlighted_blocks=3396631_420149396_2_34_0&matching_block_id=3396631_420149396_2_34_0&sr_pri_blocks=3396631_420149396_2_34_0__134487&from_sustainable_property_sr=1&from=searchresults
Bermondsey Square Hotel - A Bespoke Hotel,"Southwark, London","1,275",Very good,8,"3,489 reviews",https://www.booking.com/hotel/gb/the-bermondsey-square.en-gb.html?label=gen173nr-10CAEoggI46AdIM1gEaFCIAQGYATO4AQfIAQzYAQPoAQH4AQGIAgGoAgG4AsGL2MUGwAIB0gIkNjc3ZWNjYjEtYThkMC00Y2U4LWI0MzEtODVkZTU3NjNmMDMw2AIB4AIB&sid=03394d22d25960cc39400be0228d413e&aid=304142&ucfs=1&arphpl=1&checkin=2025-10-28&checkout=2025-11-06&dest_id=-2601889&dest_type=city&group_adults=2&req_adults=2&no_rooms=1&group_children=0&req_children=0&hpos=18&hapos=18&sr_order=popularity&srpvid=33465fa4581b0681&srepoch=1756820170&all_sr_blocks=4397101_0_2_0_0&highlighted_blocks=4397101_0_2_0_0&matching_block_id=4397101_0_2_0_0&sr_pri_blocks=4397101_0_2_0_0__127515&from=searchresults
Ten Manchester Street Hotel,"Westminster Borough, London","2,102",Very good,8.2,916 reviews,https://www.booking.com/hotel/gb/ten-manchester-street.en-gb.html?label=gen173nr-10CAEoggI46AdIM1gEaFCIAQGYATO4AQfIAQzYAQPoAQH4AQGIAgGoAgG4AsGL2MUGwAIB0gIkNjc3ZWNjYjEtYThkMC00Y2U4LWI0MzEtODVkZTU3NjNmMDMw2AIB4AIB&sid=03394d22d25960cc39400be0228d413e&aid=304142&ucfs=1&arphpl=1&checkin=2025-10-28&checkout=2025-11-06&dest_id=-2601889&dest_type=city&group_adults=2&req_adults=2&no_rooms=1&group_children=0&req_children=0&hpos=19&hapos=19&sr_order=popularity&srpvid=33465fa4581b0681&srepoch=1756820170&all_sr_blocks=17994704_91911065_2_2_0&highlighted_blocks=17994704_91911065_2_2_0&matching_block_id=17994704_91911065_2_2_0&sr_pri_blocks=17994704_91911065_2_2_0__210150&from_sustainable_property_sr=1&from=searchresults
Modern Studio Apartments & 3Bedroom flat with Pvt Balcony steps from Regent's Park,"Westminster Borough, London","1,642",Fabulous,8.7,47 reviews,https://www.booking.com/hotel/gb/modern-studio-apartment-steps-from-regents-park.en-gb.html?label=gen173nr-10CAEoggI46AdIM1gEaFCIAQGYATO4AQfIAQzYAQPoAQH4AQGIAgGoAgG4AsGL2MUGwAIB0gIkNjc3ZWNjYjEtYThkMC00Y2U4LWI0MzEtODVkZTU3NjNmMDMw2AIB4AIB&sid=03394d22d25960cc39400be0228d413e&aid=304142&ucfs=1&arphpl=1&checkin=2025-10-28&checkout=2025-11-06&dest_id=-2601889&dest_type=city&group_adults=2&req_adults=2&no_rooms=1&group_children=0&req_children=0&hpos=20&hapos=20&sr_order=popularity&srpvid=33465fa4581b0681&srepoch=1756820170&all_sr_blocks=1250551004_397567673_2_0_0&highlighted_blocks=1250551004_397567673_2_0_0&matching_block_id=1250551004_397567673_2_0_0&sr_pri_blocks=1250551004_397567673_2_0_0__164249&from=searchresults
Antoinette Hotel Wimbledon,"Wimbledon, London",823,Very good,8.5,"1,572 reviews",https://www.booking.com/hotel/gb/wayfairer.en-gb.html?label=gen173nr-10CAEoggI46AdIM1gEaFCIAQGYATO4AQfIAQzYAQPoAQH4AQGIAgGoAgG4AsGL2MUGwAIB0gIkNjc3ZWNjYjEtYThkMC00Y2U4LWI0MzEtODVkZTU3NjNmMDMw2AIB4AIB&sid=03394d22d25960cc39400be0228d413e&aid=304142&ucfs=1&arphpl=1&checkin=2025-10-28&checkout=2025-11-06&dest_id=-2601889&dest_type=city&group_adults=2&req_adults=2&no_rooms=1&group_children=0&req_children=0&hpos=21&hapos=21&sr_order=popularity&srpvid=33465fa4581b0681&srepoch=1756820170&all_sr_blocks=3495405_0_2_0_0&highlighted_blocks=3495405_0_2_0_0&matching_block_id=3495405_0_2_0_0&sr_pri_blocks=3495405_0_2_0_0__82306&from=searchresults
Pestana Chelsea Bridge Hotel & SPA,"Wandsworth, London","1,830",Very good,8.3,"5,524 reviews",https://www.booking.com/hotel/gb/pestana-chelsea-bridge-spa.en-gb.html?label=gen173nr-10CAEoggI46AdIM1gEaFCIAQGYATO4AQfIAQzYAQPoAQH4AQGIAgGoAgG4AsGL2MUGwAIB0gIkNjc3ZWNjYjEtYThkMC00Y2U4LWI0MzEtODVkZTU3NjNmMDMw2AIB4AIB&sid=03394d22d25960cc39400be0228d413e&aid=304142&ucfs=1&arphpl=1&checkin=2025-10-28&checkout=2025-11-06&dest_id=-2601889&dest_type=city&group_adults=2&req_adults=2&no_rooms=1&group_children=0&req_children=0&hpos=22&hapos=22&sr_order=popularity&srpvid=33465fa4581b0681&srepoch=1756820170&all_sr_blocks=17231121_295802308_0_2_0&highlighted_blocks=17231121_295802308_0_2_0&matching_block_id=17231121_295802308_0_2_0&sr_pri_blocks=17231121_295802308_0_2_0__182960&from=searchresults
The Haydon by Nestor,"Wandsworth, London","1,050",Fabulous,8.7,198 reviews,https://www.booking.com/hotel/gb/the-haydon-by-nestor.en-gb.html?label=gen173nr-10CAEoggI46AdIM1gEaFCIAQGYATO4AQfIAQzYAQPoAQH4AQGIAgGoAgG4AsGL2MUGwAIB0gIkNjc3ZWNjYjEtYThkMC00Y2U4LWI0MzEtODVkZTU3NjNmMDMw2AIB4AIB&sid=03394d22d25960cc39400be0228d413e&aid=304142&ucfs=1&arphpl=1&checkin=2025-10-28&checkout=2025-11-06&dest_id=-2601889&dest_type=city&group_adults=2&req_adults=2&no_rooms=1&group_children=0&req_children=0&hpos=23&hapos=23&sr_order=popularity&srpvid=33465fa4581b0681&srepoch=1756820170&all_sr_blocks=1196702701_393421965_2_0_0&highlighted_blocks=1196702701_393421965_2_0_0&matching_block_id=1196702701_393421965_2_0_0&sr_pri_blocks=1196702701_393421965_2_0_0__105030&from=searchresults
Linden House Hotel,"Westminster Borough, London",934,Good,7.1,"3,591 reviews",https://www.booking.com/hotel/gb/linden-house-london.en-gb.html?label=gen173nr-10CAEoggI46AdIM1gEaFCIAQGYATO4AQfIAQzYAQPoAQH4AQGIAgGoAgG4AsGL2MUGwAIB0gIkNjc3ZWNjYjEtYThkMC00Y2U4LWI0MzEtODVkZTU3NjNmMDMw2AIB4AIB&sid=03394d22d25960cc39400be0228d413e&aid=304142&ucfs=1&arphpl=1&checkin=2025-10-28&checkout=2025-11-06&dest_id=-2601889&dest_type=city&group_adults=2&req_adults=2&no_rooms=1&group_children=0&req_children=0&hpos=24&hapos=24&sr_order=popularity&srpvid=33465fa4581b0681&srepoch=1756820170&all_sr_blocks=17979102_91911049_0_0_0&highlighted_blocks=17979102_91911049_0_0_0&matching_block_id=17979102_91911049_0_0_0&sr_pri_blocks=17979102_91911049_0_0_0__93400&from=searchresults
Dao by Dorsett West London,"Hammersmith and Fulham, London","1,913",Very good,8.2,"1,857 reviews",https://www.booking.com/hotel/gb/dao-by-dorsett-west-london-greater-london.en-gb.html?label=gen173nr-10CAEoggI46AdIM1gEaFCIAQGYATO4AQfIAQzYAQPoAQH4AQGIAgGoAgG4AsGL2MUGwAIB0gIkNjc3ZWNjYjEtYThkMC00Y2U4LWI0MzEtODVkZTU3NjNmMDMw2AIB4AIB&sid=03394d22d25960cc39400be0228d413e&aid=304142&ucfs=1&arphpl=1&checkin=2025-10-28&checkout=2025-11-06&dest_id=-2601889&dest_type=city&group_adults=2&req_adults=2&no_rooms=1&group_children=0&req_children=0&hpos=25&hapos=25&sr_order=popularity&srpvid=33465fa4581b0681&srepoch=1756820170&all_sr_blocks=826898601_347159376_0_2_0&highlighted_blocks=826898601_347159376_0_2_0&matching_block_id=826898601_347159376_0_2_0&sr_pri_blocks=826898601_347159376_0_2_0__191268&from=searchresults
Orlando hotel,"Hammersmith and Fulham, London",670,Review score,6.3,"1,156 reviews",https://www.booking.com/hotel/gb/orlando.en-gb.html?label=gen173nr-10CAEoggI46AdIM1gEaFCIAQGYATO4AQfIAQzYAQPoAQH4AQGIAgGoAgG4AsGL2MUGwAIB0gIkNjc3ZWNjYjEtYThkMC00Y2U4LWI0MzEtODVkZTU3NjNmMDMw2AIB4AIB&sid=03394d22d25960cc39400be0228d413e&aid=304142&ucfs=1&arphpl=1&checkin=2025-10-28&checkout=2025-11-06&dest_id=-2601889&dest_type=city&group_adults=2&req_adults=2&no_rooms=1&group_children=0&req_children=0&hpos=26&hapos=26&sr_order=popularity&srpvid=33465fa4581b0681&srepoch=1756820170&all_sr_blocks=839376914_406894494_2_0_0&highlighted_blocks=839376914_406894494_2_0_0&matching_block_id=839376914_406894494_2_0_0&sr_pri_blocks=839376914_406894494_2_0_0__66955&from=searchresults
The Other House South Kensington,"Kensington and Chelsea, London","1,962",Fabulous,8.7,"5,508 reviews",https://www.booking.com/hotel/gb/the-other-house-south-kensington.en-gb.html?label=gen173nr-10CAEoggI46AdIM1gEaFCIAQGYATO4AQfIAQzYAQPoAQH4AQGIAgGoAgG4AsGL2MUGwAIB0gIkNjc3ZWNjYjEtYThkMC00Y2U4LWI0MzEtODVkZTU3NjNmMDMw2AIB4AIB&sid=03394d22d25960cc39400be0228d413e&aid=304142&ucfs=1&arphpl=1&checkin=2025-10-28&checkout=2025-11-06&dest_id=-2601889&dest_type=city&group_adults=2&req_adults=2&no_rooms=1&group_children=0&req_children=0&hpos=27&hapos=27&sr_order=popularity&srpvid=33465fa4581b0681&srepoch=1756820170&all_sr_blocks=812184826_343506984_0_2_0_572488&highlighted_blocks=812184826_343506984_0_2_0_572488&matching_block_id=812184826_343506984_0_2_0_572488&sr_pri_blocks=812184826_343506984_0_2_0_572488_196167&from=searchresults